state,year,annual_tmax_mean,annual_tmax_max,annual_tmax_p90,summer_tmax_mean,summer_tmax_max,summer_tmax_p90,summer_hi_mean,summer_hi_max,extreme_temp_days_40,extreme_temp_days_42,extreme_temp_days_45,extreme_hi_days_44,extreme_hi_days_52,max_consecutive_hot_days,heatwave_days,summer_rh_mean,summer_low_wind_high_rh_days,summer_solar_radiation_mean,summer_solar_radiation_max,annual_precip_mm,population_millions,population_density_per_sq_km,heatstroke_deaths,state_baseline_deaths
Andhra Pradesh,2001,33.57,44.14,38.87,37.18,44.14,40.71,53.49,74.5,23,6,0,175,79,73,223,62.42,2,5.75,7.43,926.5,76.21,277.08,46,0.0
Andhra Pradesh,2002,34.32,47.11,40.64,38.9,47.11,42.78,57.06,69.19,45,18,6,205,99,150,252,59.03,0,6.13,7.46,782.2,77.008,279.98,80,46.0
Andhra Pradesh,2003,33.76,46.44,40.83,39.17,46.44,43.17,56.59,69.84,52,22,7,179,87,148,223,57.1,0,6.05,7.58,908.2,77.815,282.92,100,63.0
Andhra Pradesh,2004,33.24,43.69,39.1,37.31,43.69,41.14,54.33,72.76,21,8,0,166,69,83,213,63.07,0,6.07,7.35,801.6,78.63,285.88,52,75.33
Andhra Pradesh,2005,33.14,42.73,39.41,37.95,42.73,40.8,55.17,71.45,24,5,0,173,95,140,216,60.65,2,5.92,7.29,1242.4,79.454,288.88,105,69.5
Andhra Pradesh,2006,32.99,43.09,39.13,36.85,43.09,40.61,53.02,71.73,22,6,0,179,73,103,222,63.75,3,5.83,7.22,1421.3,80.286,291.9,125,76.6
Andhra Pradesh,2007,32.71,45.45,39.28,37.73,45.45,41.85,54.05,66.52,29,11,2,132,77,116,184,61.07,0,5.89,7.27,1108.4,81.127,294.96,128,84.67
Andhra Pradesh,2008,33.08,45.49,38.8,37.52,45.49,43.22,52.5,70.39,28,17,2,145,60,103,205,59.83,3,5.91,7.46,1179.5,81.977,298.05,124,90.86
Andhra Pradesh,2009,34.14,42.3,39.75,37.87,42.3,41.01,55.6,71.75,33,3,0,209,90,142,248,61.87,2,5.99,7.07,802.4,82.836,301.17,262,95.0
Andhra Pradesh,2010,32.95,43.58,39.91,37.97,43.58,40.92,57.49,72.08,36,4,0,158,96,152,199,64.22,0,5.83,7.48,1731.8,83.704,304.33,197,113.56
Andhra Pradesh,2011,33.64,43.67,38.41,37.37,43.67,40.84,53.77,67.2,19,5,0,190,72,130,257,61.78,1,6.08,7.26,781.3,84.581,307.52,91,121.9
Andhra Pradesh,2012,33.35,44.09,39.27,38.07,44.09,41.14,55.72,69.86,28,4,0,170,95,130,199,61.05,0,5.89,7.26,1289.4,85.467,310.74,221,119.09
Andhra Pradesh,2013,32.82,43.59,39.02,37.34,43.59,41.21,54.13,68.87,20,4,0,149,68,112,194,62.48,1,5.97,7.06,1300.2,86.362,313.99,418,127.58
Andhra Pradesh,2014,33.79,41.92,40.26,38.31,41.92,41.19,54.01,68.94,43,0,0,170,79,174,224,57.04,0,5.9,7.17,770.3,87.267,317.28,372,149.92
Arunachal Pradesh,2001,19.16,27.46,24.38,20.66,25.77,24.02,21.34,29.34,0,0,0,0,0,2,0,73.76,51,4.2,8.1,1430.1,1.098,13.11,0,0.0
Arunachal Pradesh,2002,18.77,26.46,23.62,20.47,26.01,23.89,21.2,29.19,0,0,0,0,0,0,0,76.42,69,4.01,7.81,1550.6,1.124,13.42,0,0.0
Arunachal Pradesh,2003,18.63,25.92,23.67,20.05,25.92,23.35,20.64,28.63,0,0,0,0,0,0,0,77.25,71,3.73,6.68,1783.9,1.15,13.73,1,0.0
Arunachal Pradesh,2004,18.21,24.65,22.98,20.06,24.13,22.61,20.41,26.23,0,0,0,0,0,0,0,81.09,73,3.51,7.37,2018.2,1.177,14.05,0,0.33
Arunachal Pradesh,2005,18.58,25.94,23.9,19.64,24.88,23.51,20.11,27.58,0,0,0,0,0,0,0,81.87,83,3.58,6.39,1637.0,1.204,14.38,0,0.25
Arunachal Pradesh,2006,19.13,26.45,24.38,20.17,24.93,23.81,20.66,26.74,0,0,0,0,0,0,0,77.04,67,3.92,7.66,1590.5,1.233,14.72,1,0.2
Arunachal Pradesh,2007,18.7,26.98,23.91,20.5,25.68,23.75,21.09,30.17,0,0,0,0,0,1,0,78.25,63,4.09,7.59,2101.2,1.261,15.06,4,0.33
Arunachal Pradesh,2008,18.46,25.1,23.05,20.05,25.05,22.96,20.53,27.9,0,0,0,0,0,0,0,79.83,75,3.75,6.07,1907.2,1.291,15.42,5,0.86
Arunachal Pradesh,2009,18.99,26.7,23.94,20.41,24.97,23.57,20.96,27.84,0,0,0,0,0,0,0,76.87,67,4.04,7.51,1627.3,1.321,15.78,5,1.38
Arunachal Pradesh,2010,18.81,24.91,23.12,20.44,23.95,22.67,20.79,26.15,0,0,0,0,0,0,0,81.24,45,3.53,6.83,2213.1,1.352,16.15,1,1.78
Arunachal Pradesh,2011,18.4,25.69,23.56,19.88,25.69,23.82,20.38,29.4,0,0,0,0,0,0,0,80.07,66,4.06,6.87,1731.9,1.384,16.52,0,1.7
Arunachal Pradesh,2012,18.44,25.14,23.45,20.01,24.52,23.57,20.54,27.17,0,0,0,0,0,0,0,79.12,48,3.87,7.2,1933.2,1.416,16.91,0,1.55
Arunachal Pradesh,2013,18.88,25.79,23.28,20.68,25.79,23.77,21.33,29.3,0,0,0,0,0,0,0,79.07,56,3.87,7.73,1763.2,1.449,17.31,0,1.42
Arunachal Pradesh,2014,18.9,25.23,23.47,20.53,25.23,23.78,21.21,28.03,0,0,0,0,0,0,0,78.35,50,3.93,6.57,1714.6,1.483,17.71,0,1.31
Assam,2001,28.76,35.55,33.32,31.14,34.28,33.32,39.28,51.98,0,0,0,106,12,35,115,70.5,25,5.35,7.82,1866.2,26.656,339.83,7,0.0
Assam,2002,28.65,34.74,33.2,31.08,34.69,33.58,39.77,54.47,0,0,0,96,8,45,115,72.95,24,4.72,7.57,1884.3,27.079,345.23,2,7.0
Assam,2003,28.37,35.74,33.08,30.82,35.74,33.26,39.16,52.78,0,0,0,100,6,64,123,73.16,13,4.79,7.07,2162.2,27.509,350.71,4,4.5
Assam,2004,28.11,35.08,32.75,30.75,34.35,33.06,39.73,52.65,0,0,0,82,3,19,101,76.02,31,4.57,7.81,2180.1,27.946,356.28,16,4.33
Assam,2005,28.5,35.54,33.47,30.84,34.66,33.49,39.44,54.49,0,0,0,97,12,78,115,74.89,27,4.85,7.29,2154.7,28.39,361.94,13,7.25
Assam,2006,28.87,35.8,33.62,30.82,35.46,33.6,39.03,53.22,0,0,0,102,20,73,118,72.85,20,4.95,7.62,1536.5,28.841,367.69,7,8.4
Assam,2007,28.74,36.28,34.05,31.55,36.28,34.38,40.38,53.92,0,0,0,111,17,37,121,70.06,20,4.9,7.32,1946.3,29.299,373.53,7,8.17
Assam,2008,28.51,35.65,33.11,31.34,35.03,33.79,39.94,56.04,0,0,0,87,8,38,111,71.71,22,5.01,6.99,1755.9,29.765,379.47,8,8.0
Assam,2009,29.3,37.46,34.43,32.67,37.46,35.54,41.21,57.48,0,0,0,110,25,50,125,64.1,13,4.88,7.04,1765.2,30.237,385.49,0,8.0
Assam,2010,28.74,34.56,32.9,31.69,34.56,33.4,41.52,53.59,0,0,0,103,2,31,124,73.84,19,4.61,6.86,2313.2,30.718,391.62,1,7.11
Assam,2011,28.44,35.11,33.26,30.95,35.11,34.08,39.4,54.29,0,0,0,95,11,20,114,72.89,14,4.98,6.94,1781.0,31.206,397.84,1,6.5
Assam,2012,28.67,36.87,33.46,31.51,35.63,34.3,40.58,55.47,0,0,0,110,11,95,139,70.42,14,4.95,7.51,2103.8,31.701,404.16,1,6.0
Assam,2013,28.85,36.65,33.07,31.41,36.65,33.66,40.54,52.49,0,0,0,101,11,58,130,72.6,19,5.04,7.94,1919.7,32.205,410.58,5,5.58
Assam,2014,29.39,37.18,34.54,32.49,37.18,35.58,42.17,56.9,0,0,0,115,27,56,143,67.69,14,5.11,7.5,1656.0,32.716,417.1,0,5.54
Bihar,2001,32.37,46.09,41.41,38.63,46.09,43.62,44.7,58.86,49,26,5,136,42,134,167,35.5,1,6.07,7.68,1080.7,82.999,881.43,47,0.0
Bihar,2002,33.15,45.04,40.91,39.12,45.04,43.07,46.24,59.34,51,22,1,161,58,165,194,37.86,0,6.07,7.35,886.1,84.9,901.63,22,47.0
Bihar,2003,32.36,45.5,42.48,39.46,45.5,44.38,44.03,58.08,64,44,5,135,28,83,175,32.22,1,6.21,7.88,1017.0,86.845,922.29,70,34.5
Bihar,2004,32.84,46.51,41.76,39.62,46.51,44.53,45.83,59.17,62,36,10,153,29,130,195,36.19,0,6.11,7.89,854.9,88.835,943.42,32,46.33
Bihar,2005,33.49,47.57,43.56,40.71,47.57,45.73,44.83,58.33,65,51,21,154,31,136,189,29.02,0,6.28,7.99,813.5,90.87,965.03,68,42.75
Bihar,2006,32.75,44.84,40.7,38.32,44.84,42.34,45.18,63.91,51,19,0,147,31,103,178,39.28,2,5.92,7.39,1050.6,92.952,987.14,52,47.8
Bihar,2007,31.54,44.96,40.85,38.47,44.96,43.25,45.27,59.44,46,26,0,135,34,106,161,40.45,2,6.1,7.55,1342.4,95.082,1009.76,58,48.5
Bihar,2008,31.02,44.02,41.36,37.6,44.02,42.77,43.7,57.51,47,22,0,131,9,126,166,43.0,0,5.86,7.8,1531.4,97.26,1032.89,28,49.86
Bihar,2009,33.45,45.47,41.94,39.89,45.47,43.7,44.86,57.88,67,33,2,146,54,147,179,30.42,1,6.25,7.82,781.3,99.488,1056.56,46,47.12
Bihar,2010,33.81,46.26,43.11,41.29,46.26,44.71,46.91,61.11,90,58,8,158,57,135,203,29.22,0,6.21,7.56,778.6,101.768,1080.76,95,47.0
Bihar,2011,32.03,44.83,40.51,38.5,44.83,42.83,45.05,57.52,43,22,0,133,36,57,160,38.31,0,5.92,7.36,1045.4,104.099,1105.52,86,51.8
Bihar,2012,32.49,47.89,43.34,40.5,47.89,45.77,44.28,58.04,76,54,21,122,32,143,184,28.02,1,6.32,7.63,971.4,106.484,1130.85,166,54.91
Bihar,2013,31.98,45.59,40.77,38.18,45.59,42.74,43.57,58.19,45,23,1,142,25,107,172,38.4,1,5.9,7.77,936.4,108.924,1156.76,85,64.17
Bihar,2014,32.21,45.8,42.46,39.54,45.8,44.58,44.89,64.33,70,44,8,142,52,96,176,34.52,0,6.3,7.8,1092.0,111.42,1183.26,131,65.77
Chhattisgarh,2001,32.23,46.31,41.15,37.88,46.31,44.41,42.99,59.45,46,30,9,53,9,60,102,41.83,0,5.94,8.07,1268.0,20.834,154.11,5,0.0
Chhattisgarh,2002,33.6,46.97,43.15,40.09,46.97,44.79,44.97,58.94,62,47,11,85,15,80,134,33.08,0,6.48,8.05,859.7,21.263,157.28,20,5.0
Chhattisgarh,2003,32.37,47.55,43.38,40.12,47.55,45.58,43.61,53.23,67,55,16,72,2,95,107,31.17,0,6.58,7.87,1510.5,21.701,160.52,22,12.5
Chhattisgarh,2004,31.88,44.86,41.69,39.02,44.86,43.56,44.99,55.63,64,35,0,76,12,95,138,39.66,0,6.49,7.94,1126.6,22.148,163.82,9,15.67
Chhattisgarh,2005,32.11,45.93,41.72,39.69,45.93,44.79,43.77,59.69,66,36,11,63,8,69,115,32.95,0,6.35,8.36,1587.5,22.604,167.2,14,14.0
Chhattisgarh,2006,32.15,45.0,40.55,38.08,45.0,43.24,44.97,56.4,47,24,0,79,11,81,113,43.63,1,6.3,7.77,1238.0,23.07,170.64,4,14.0
Chhattisgarh,2007,32.09,45.27,42.31,39.1,45.27,43.62,43.72,60.05,62,42,1,52,4,89,102,35.92,0,6.32,7.71,1468.4,23.545,174.16,15,12.33
Chhattisgarh,2008,31.94,44.7,42.72,38.2,44.7,43.93,42.26,53.18,55,46,0,48,1,60,100,38.6,0,6.05,7.87,1130.4,24.03,177.74,7,12.71
Chhattisgarh,2009,33.39,45.9,42.35,40.65,45.9,44.21,44.91,57.39,78,49,4,67,21,83,139,28.04,0,6.68,7.95,1156.1,24.525,181.41,6,12.0
Chhattisgarh,2010,32.79,46.84,43.41,40.85,46.84,44.91,45.85,61.27,78,52,12,79,13,112,143,31.52,0,6.47,8.08,1375.0,25.03,185.14,10,11.33
Chhattisgarh,2011,31.48,43.74,39.51,37.64,43.74,42.33,44.26,56.03,31,17,0,67,11,78,104,43.19,2,6.24,7.88,1542.1,25.545,188.95,3,11.2
Chhattisgarh,2012,32.04,46.92,41.65,39.45,46.92,44.95,43.15,52.7,68,30,12,66,1,74,98,31.77,0,6.51,7.76,1662.7,26.071,192.85,10,10.45
Chhattisgarh,2013,31.48,47.16,41.76,38.28,47.16,44.71,43.29,55.85,49,34,11,55,7,59,90,40.01,0,6.1,8.1,1691.7,26.608,196.82,3,10.42
Chhattisgarh,2014,31.69,46.44,41.3,38.7,46.44,43.25,44.87,60.22,60,25,4,88,13,89,123,40.46,5,6.18,7.81,1328.9,27.156,200.87,4,9.85
Delhi,2001,34.29,47.39,41.42,38.77,47.39,45.21,42.95,56.58,53,30,13,152,49,143,170,29.45,0,6.1,7.82,511.0,13.851,9333.23,28,0.0
Delhi,2002,34.57,47.76,44.86,40.79,47.76,46.58,43.86,58.74,113,96,33,132,45,108,173,23.69,0,6.44,7.84,594.3,14.119,9514.48,45,28.0
Delhi,2003,32.24,48.52,42.92,39.71,48.52,45.72,41.74,59.69,71,46,22,108,16,64,142,23.99,0,6.21,7.91,1026.5,14.394,9699.25,18,36.5
Delhi,2004,33.75,46.42,42.46,40.19,46.42,44.73,43.99,59.12,86,48,6,139,40,108,172,27.19,0,6.38,7.66,628.3,14.673,9887.61,20,30.33
Delhi,2005,32.99,48.43,43.0,39.34,48.43,45.26,41.51,60.71,67,49,14,118,41,69,146,27.85,1,6.37,8.15,718.5,14.958,10079.63,19,27.75
Delhi,2006,33.82,46.32,42.31,38.97,46.32,44.52,42.7,57.65,67,43,7,141,41,52,173,30.66,2,6.13,7.56,651.8,15.249,10275.37,14,26.0
Delhi,2007,33.27,48.79,42.29,38.91,48.79,44.7,43.44,58.72,67,47,10,142,52,169,172,34.95,1,6.25,7.56,810.1,15.545,10474.92,26,24.0
Delhi,2008,32.07,44.92,39.56,37.94,44.92,42.5,42.75,58.5,28,20,0,111,26,59,149,34.4,3,5.82,7.68,925.1,15.847,10678.35,7,24.29
Delhi,2009,33.69,47.37,43.55,40.18,47.37,45.33,41.88,57.71,88,57,17,125,49,120,164,23.36,0,6.55,7.91,698.1,16.154,10885.72,40,22.12
Delhi,2010,32.67,48.71,44.54,41.87,48.71,46.38,43.2,54.04,99,73,29,112,25,61,158,19.47,0,6.37,8.17,1021.5,16.468,11097.12,41,24.11
Delhi,2011,31.83,47.09,42.35,38.43,47.09,44.39,42.75,58.89,59,40,7,119,39,77,146,34.3,1,6.19,7.59,807.0,16.788,11312.63,6,25.8
Delhi,2012,32.71,47.84,43.98,39.84,47.84,45.92,41.14,53.49,74,55,27,103,24,114,138,22.05,0,6.42,8.0,672.8,17.114,11532.32,17,24.0
Delhi,2013,31.18,48.06,41.69,38.49,48.06,44.6,41.8,57.78,50,32,11,101,26,96,148,31.89,1,6.42,7.98,1166.2,17.446,11756.28,2,23.42
Delhi,2014,32.82,48.22,42.29,37.78,48.22,45.4,40.26,55.19,67,45,15,127,32,143,158,32.49,2,6.38,7.93,589.9,17.785,11984.59,9,21.77
Gujarat,2001,35.83,45.78,41.34,39.13,45.78,43.86,47.68,61.67,48,28,4,167,56,75,211,39.51,0,6.72,8.05,480.6,50.671,258.49,24,0.0
Gujarat,2002,36.51,47.28,42.67,40.58,47.28,43.95,48.86,67.35,86,46,9,185,78,116,206,35.55,0,6.83,7.98,376.7,51.572,263.09,47,24.0
Gujarat,2003,34.6,45.7,42.46,40.08,45.7,44.28,48.04,65.84,73,45,6,137,44,87,194,36.32,0,6.79,7.85,883.7,52.489,267.77,30,35.5
Gujarat,2004,34.88,45.95,42.05,40.34,45.95,43.52,48.74,61.55,74,38,3,141,52,119,196,36.7,0,6.78,7.83,772.9,53.423,272.53,12,33.67
Gujarat,2005,33.96,45.18,42.24,39.94,45.18,43.67,46.27,60.01,73,38,2,126,39,77,165,33.9,0,6.98,8.23,957.8,54.373,277.38,13,28.25
Gujarat,2006,34.3,46.2,41.58,39.59,46.2,44.07,47.84,63.72,56,28,6,124,60,80,166,38.45,0,6.86,8.11,991.3,55.34,282.31,7,25.2
Gujarat,2007,34.11,46.06,42.6,40.18,46.06,44.13,47.93,64.32,76,52,5,135,40,104,184,36.59,0,6.96,7.93,1017.2,56.324,287.33,16,22.17
Gujarat,2008,34.6,44.8,41.7,39.47,44.8,42.52,47.27,59.13,59,30,0,152,46,127,196,38.25,0,6.67,7.86,637.4,57.326,292.45,6,21.29
Gujarat,2009,35.81,45.98,42.71,40.65,45.98,44.35,48.33,63.67,77,51,5,167,67,124,209,34.85,0,7.03,8.1,600.8,58.346,297.65,9,19.38
Gujarat,2010,34.35,47.42,43.27,41.44,47.42,45.03,50.15,69.34,83,61,13,140,64,120,194,35.31,0,7.0,7.98,1142.7,59.384,302.94,58,18.22
Gujarat,2011,34.41,44.66,42.02,40.45,44.66,43.49,48.26,62.4,82,38,0,113,52,90,188,34.36,0,6.78,8.03,732.9,60.44,308.33,15,22.2
Gujarat,2012,34.83,43.93,41.77,39.85,43.93,42.86,47.85,60.62,71,31,0,153,62,141,207,36.08,0,6.97,7.86,554.6,61.515,313.81,17,21.55
Gujarat,2013,33.36,45.45,41.24,38.81,45.45,43.29,46.09,60.75,44,26,4,113,28,104,163,39.14,0,6.73,7.98,1014.2,62.609,319.39,26,21.17
Gujarat,2014,34.45,45.92,41.72,40.31,45.92,44.53,47.24,60.17,81,35,6,132,52,104,196,33.79,0,7.07,8.03,743.1,63.722,325.07,45,21.54
Haryana,2001,33.95,47.0,41.03,38.35,47.0,44.79,42.94,56.88,51,25,11,153,51,140,167,30.99,0,6.19,7.9,547.7,21.145,478.25,1,0.0
Haryana,2002,35.15,47.96,45.18,40.63,47.96,46.28,43.12,56.36,121,94,41,148,40,139,182,22.68,0,6.42,7.92,350.8,21.532,487.01,17,1.0
Haryana,2003,32.84,48.7,42.73,39.47,48.7,45.81,41.22,56.98,70,51,18,118,30,87,163,23.9,0,6.28,8.16,690.8,21.926,495.93,2,9.0
Haryana,2004,34.3,45.65,43.09,40.03,45.65,44.09,43.49,58.61,97,56,7,137,41,152,177,25.98,0,6.33,8.06,461.9,22.327,505.01,4,6.67
Haryana,2005,33.02,48.26,42.78,38.46,48.26,44.83,40.68,63.89,74,44,12,110,42,64,140,30.84,1,6.31,8.13,585.2,22.736,514.26,19,6.0
Haryana,2006,34.12,46.54,42.8,38.7,46.54,44.98,41.78,56.86,70,47,12,145,53,130,176,30.02,1,6.14,7.67,389.0,23.153,523.67,13,8.6
Haryana,2007,33.79,49.46,42.73,38.73,49.46,45.32,42.69,56.52,81,45,13,147,69,171,173,34.98,1,6.35,7.68,542.6,23.577,533.26,75,9.33
Haryana,2008,32.34,44.6,39.36,37.64,44.6,42.29,42.43,58.11,30,14,0,129,44,71,158,34.5,2,5.88,7.64,772.4,24.008,543.03,31,18.71
Haryana,2009,34.07,48.02,43.6,39.51,48.02,45.2,41.06,59.61,96,59,17,128,53,136,165,24.91,0,6.63,8.19,456.7,24.448,552.97,34,20.25
Haryana,2010,33.27,48.66,43.52,41.2,48.66,45.71,42.88,54.85,94,62,18,117,31,96,170,20.81,0,6.41,8.27,703.5,24.896,563.1,60,21.78
Haryana,2011,32.34,47.09,42.2,38.31,47.09,43.88,42.58,59.02,67,40,5,122,54,133,154,33.31,0,6.22,7.66,640.8,25.351,573.41,30,25.6
Haryana,2012,33.06,47.19,43.86,39.11,47.19,45.66,40.45,51.98,77,58,23,108,25,109,148,23.09,0,6.37,8.17,462.5,25.816,583.91,95,26.0
Haryana,2013,32.28,47.88,41.93,38.57,47.88,45.06,41.44,62.29,58,37,13,128,37,68,152,30.85,0,6.32,7.89,752.8,26.288,594.6,82,31.75
Haryana,2014,33.12,48.0,42.6,37.72,48.0,45.49,39.82,53.25,85,49,15,128,18,146,159,31.46,0,6.3,7.98,399.8,26.77,605.49,79,35.62
Himachal Pradesh,2001,16.34,28.95,22.12,19.0,28.95,24.06,19.0,28.95,0,0,0,0,0,0,0,51.16,3,5.79,8.21,965.9,6.078,109.17,2,0.0
Himachal Pradesh,2002,16.74,28.39,25.12,20.78,28.39,26.3,20.83,28.39,0,0,0,0,0,0,0,42.62,1,6.35,8.31,727.9,6.152,110.51,0,2.0
Himachal Pradesh,2003,16.02,27.58,23.31,19.52,27.58,25.33,19.53,27.58,0,0,0,0,0,0,0,45.54,2,5.87,8.51,937.9,6.228,111.86,8,1.0
Himachal Pradesh,2004,16.28,26.49,22.31,20.22,26.49,23.97,20.22,26.51,0,0,0,0,0,0,0,46.84,1,6.18,8.23,925.8,6.304,113.23,0,3.33
Himachal Pradesh,2005,15.33,30.32,22.97,18.97,30.32,25.02,18.99,30.32,0,0,0,0,0,0,0,48.96,7,5.65,8.01,899.9,6.381,114.62,3,2.5
Himachal Pradesh,2006,16.21,26.39,22.85,18.73,26.39,24.06,18.74,26.39,0,0,0,0,0,0,0,52.93,4,5.62,8.13,885.7,6.459,116.02,1,2.6
Himachal Pradesh,2007,15.92,29.06,22.55,19.2,29.06,24.75,19.22,29.06,0,0,0,0,0,0,0,53.66,0,5.94,8.25,1005.9,6.538,117.44,0,2.33
Himachal Pradesh,2008,15.3,25.34,20.96,18.58,25.34,21.88,18.58,25.46,0,0,0,0,0,0,0,55.81,4,5.6,7.88,1329.9,6.618,118.88,0,2.0
Himachal Pradesh,2009,16.55,28.6,23.76,19.63,28.6,24.82,19.65,28.6,0,0,0,0,0,0,0,45.27,2,6.08,8.41,798.3,6.7,120.34,1,1.75
Himachal Pradesh,2010,16.66,28.39,23.42,21.42,28.39,25.36,21.46,28.39,0,0,0,0,0,0,0,40.84,0,6.17,8.63,1379.3,6.782,121.81,0,1.67
Himachal Pradesh,2011,15.37,26.31,21.89,18.48,26.31,23.31,18.49,26.35,0,0,0,0,0,0,0,57.72,2,5.74,8.3,1274.8,6.865,123.3,1,1.5
Himachal Pradesh,2012,15.21,28.37,23.75,19.22,28.37,26.29,19.24,28.37,0,0,0,0,0,0,0,44.96,2,6.01,8.63,933.4,6.949,124.81,2,1.45
Himachal Pradesh,2013,15.05,28.03,21.57,18.38,28.03,25.51,18.4,28.03,0,0,0,0,0,0,0,57.9,5,5.7,8.19,1532.1,7.034,126.34,0,1.5
Himachal Pradesh,2014,15.11,26.64,22.5,17.44,26.64,24.86,17.45,26.64,0,0,0,0,0,0,0,59.12,13,5.69,8.55,947.5,7.12,127.89,1,1.38
Jammu & Kashmir,2001,20.33,33.9,29.1,23.4,33.9,30.91,23.67,35.79,0,0,0,0,0,0,0,42.52,0,6.0,8.44,473.0,10.144,45.64,0,0.0
Jammu & Kashmir,2002,20.24,34.2,30.61,23.9,34.2,31.03,24.01,34.2,0,0,0,0,0,0,0,38.63,2,6.14,8.73,455.2,10.361,46.62,0,0.0
Jammu & Kashmir,2003,18.1,32.51,28.15,20.16,32.35,30.01,20.27,32.35,0,0,0,0,0,0,0,52.74,5,5.77,8.84,883.4,10.583,47.62,3,0.0
Jammu & Kashmir,2004,19.77,32.47,29.56,23.6,32.14,29.98,23.69,32.74,0,0,0,0,0,0,0,40.79,1,5.94,8.72,533.4,10.81,48.64,2,1.0
Jammu & Kashmir,2005,18.06,35.89,28.32,20.12,35.89,30.2,20.19,35.89,0,0,0,0,0,1,0,53.38,9,5.38,8.42,610.8,11.042,49.69,2,1.25
Jammu & Kashmir,2006,18.5,32.97,28.76,22.39,31.52,29.84,22.55,33.86,0,0,0,0,0,2,0,45.47,3,5.85,8.48,913.2,11.279,50.75,2,1.4
Jammu & Kashmir,2007,18.86,34.52,27.8,21.27,34.52,29.51,21.58,34.99,0,0,0,0,0,0,0,54.52,10,5.87,8.73,674.9,11.521,51.84,1,1.5
Jammu & Kashmir,2008,18.34,31.13,27.53,21.88,30.88,28.35,22.35,35.77,0,0,0,0,0,0,0,52.65,4,5.72,8.02,830.6,11.768,52.95,0,1.43
Jammu & Kashmir,2009,18.7,33.42,29.09,20.47,33.42,28.59,20.48,33.42,0,0,0,0,0,0,0,50.92,6,5.86,8.34,614.0,12.02,54.09,0,1.25
Jammu & Kashmir,2010,18.9,32.16,26.61,21.79,31.32,27.58,21.89,31.32,0,0,0,0,0,0,0,51.04,2,5.65,8.63,922.4,12.278,55.25,6,1.11
Jammu & Kashmir,2011,18.46,32.5,28.47,21.47,32.5,29.91,21.77,35.47,0,0,0,0,0,0,0,52.07,4,5.88,8.62,727.2,12.541,56.43,1,1.6
Jammu & Kashmir,2012,17.73,33.97,29.03,20.05,31.96,29.02,20.07,31.96,0,0,0,0,0,0,0,50.12,5,5.69,8.38,664.7,12.81,57.64,0,1.55
Jammu & Kashmir,2013,18.53,33.72,28.28,21.45,33.72,30.74,21.65,34.62,0,0,0,0,0,0,0,52.15,9,5.9,8.65,764.8,13.085,58.88,3,1.42
Jammu & Kashmir,2014,17.76,32.91,28.13,19.62,32.91,29.61,19.74,32.91,0,0,0,0,0,0,0,55.9,15,5.38,8.44,804.5,13.366,60.14,0,1.54
Jharkhand,2001,30.8,45.02,39.01,36.26,45.02,42.09,42.81,65.55,28,13,1,42,20,41,58,45.46,1,5.63,7.78,1226.6,26.946,338.03,2,0.0
Jharkhand,2002,31.33,45.61,41.26,38.3,45.61,43.1,45.32,60.5,43,33,1,83,30,43,102,40.78,0,5.9,7.48,1170.2,27.497,344.94,6,2.0
Jharkhand,2003,30.67,44.31,41.43,37.91,44.31,42.97,44.02,62.67,52,27,0,67,20,68,93,40.24,2,5.97,7.93,1401.2,28.059,351.99,8,4.0
Jharkhand,2004,30.2,44.88,39.45,37.29,44.88,43.09,44.09,58.49,30,19,0,65,17,38,80,44.87,3,6.01,7.64,1251.6,28.632,359.18,19,5.33
Jharkhand,2005,31.52,44.86,41.88,38.87,44.86,43.68,43.71,60.11,54,35,0,61,18,64,93,35.77,0,5.98,8.08,945.2,29.217,366.52,60,8.75
Jharkhand,2006,30.78,43.37,39.08,35.93,43.37,41.44,42.89,62.05,27,5,0,59,14,44,69,48.48,7,5.72,7.49,1557.7,29.814,374.02,37,19.0
Jharkhand,2007,30.03,44.4,38.38,36.43,44.4,41.72,43.71,61.56,26,9,0,72,15,45,84,47.94,1,5.94,7.53,1476.7,30.424,381.66,38,22.0
Jharkhand,2008,30.03,43.67,39.83,36.16,43.67,41.8,42.23,53.45,34,11,0,51,7,50,63,47.86,3,5.7,7.78,1416.1,31.045,389.46,48,24.29
Jharkhand,2009,31.32,44.65,39.68,37.6,44.65,41.4,43.95,60.47,28,9,0,76,21,38,98,39.11,1,6.15,7.96,1179.9,31.68,397.42,50,27.25
Jharkhand,2010,32.06,44.62,41.77,39.45,44.62,42.89,46.06,61.17,67,34,0,98,29,81,139,35.66,1,6.13,7.37,919.2,32.327,405.54,49,29.78
Jharkhand,2011,30.42,42.09,38.98,36.79,42.09,41.12,44.19,62.7,23,1,0,58,23,50,66,45.57,0,5.54,7.28,1676.1,32.988,413.83,29,31.7
Jharkhand,2012,30.65,45.12,40.66,38.32,45.12,43.66,43.91,60.28,44,25,2,72,17,69,103,37.35,4,6.16,7.64,1360.2,33.662,422.29,74,31.45
Jharkhand,2013,29.93,44.22,38.89,36.26,44.22,42.64,42.52,60.67,30,18,0,56,11,37,82,46.67,3,5.77,7.71,1476.2,34.35,430.92,42,35.0
Jharkhand,2014,30.45,43.38,40.13,36.75,43.38,42.27,43.31,66.74,38,14,0,54,19,24,87,45.65,3,6.05,7.83,1141.9,35.052,439.73,50,35.54
Karnataka,2001,30.26,38.83,35.66,33.06,38.83,37.32,38.91,49.78,0,0,0,11,0,20,43,59.24,4,6.3,7.66,870.4,52.851,275.56,2,0.0
Karnataka,2002,31.49,40.58,37.11,34.41,40.58,38.66,40.21,50.55,4,0,0,31,0,37,79,55.0,1,6.56,7.76,633.8,53.622,279.59,4,2.0
Karnataka,2003,31.71,39.59,36.75,35.13,39.59,38.52,41.47,51.06,0,0,0,37,0,26,85,51.97,0,6.42,7.79,600.1,54.405,283.67,6,3.0
Karnataka,2004,29.99,40.07,36.16,32.87,40.07,38.53,38.03,47.14,1,0,0,12,0,26,39,60.04,6,6.24,7.61,943.9,55.2,287.81,7,4.0
Karnataka,2005,29.7,39.64,35.75,33.39,39.64,37.52,40.05,48.69,0,0,0,22,0,18,55,60.36,6,6.3,7.56,1262.0,56.006,292.01,15,4.75
Karnataka,2006,30.49,39.3,35.33,33.05,39.3,37.7,39.57,46.55,0,0,0,15,0,29,63,61.81,4,6.31,7.6,659.7,56.824,296.28,5,6.8
Karnataka,2007,29.95,38.68,36.12,33.67,38.68,37.7,40.0,51.14,0,0,0,27,0,15,48,58.32,4,6.37,7.68,1045.8,57.653,300.61,1,6.5
Karnataka,2008,29.55,39.34,34.49,33.03,39.34,37.51,39.47,48.59,0,0,0,23,0,22,42,60.56,8,6.24,7.77,1072.0,58.495,304.99,2,5.71
Karnataka,2009,30.59,38.89,36.67,33.67,38.89,38.0,38.86,47.8,0,0,0,15,0,11,46,55.76,1,6.37,7.68,806.9,59.349,309.45,9,5.25
Karnataka,2010,30.22,39.34,36.62,33.93,39.34,38.13,40.57,50.93,0,0,0,33,0,14,50,58.07,9,6.31,7.53,959.5,60.216,313.97,15,5.67
Karnataka,2011,30.93,38.03,35.93,33.89,38.03,37.21,40.14,48.22,0,0,0,18,0,26,52,56.44,1,6.36,7.82,652.0,61.095,318.55,21,6.6
Karnataka,2012,31.96,38.78,36.66,34.81,38.78,37.74,41.12,49.2,0,0,0,19,0,24,81,52.91,3,6.38,7.72,518.6,61.987,323.2,2,7.91
Karnataka,2013,30.47,38.95,36.24,33.63,38.95,37.76,39.17,49.21,0,0,0,16,0,28,53,56.61,1,6.07,7.57,822.8,62.893,327.92,6,7.42
Karnataka,2014,31.27,38.55,36.6,34.61,38.55,37.88,40.5,50.09,0,0,0,21,0,11,47,52.49,1,6.36,7.8,608.4,63.811,332.71,2,7.31
Kerala,2001,27.9,30.16,29.08,28.61,30.15,29.38,33.89,38.96,0,0,0,0,0,0,0,81.05,6,5.52,7.16,2197.4,31.841,819.32,0,0.0
Kerala,2002,28.12,30.36,29.33,28.86,30.35,29.72,34.33,38.45,0,0,0,0,0,0,0,79.93,5,5.85,7.23,1663.1,31.994,823.26,0,0.0
Kerala,2003,28.44,30.86,29.63,29.22,30.86,30.17,35.07,39.57,0,0,0,0,0,0,0,78.71,6,5.73,7.27,1748.8,32.148,827.22,4,0.0
Kerala,2004,28.09,30.37,29.27,28.7,30.37,29.48,34.05,37.34,0,0,0,0,0,0,0,80.82,1,5.56,7.08,2193.5,32.303,831.2,1,1.33
Kerala,2005,28.1,30.78,29.42,28.97,30.29,29.9,34.7,38.92,0,0,0,0,0,0,0,80.34,6,5.66,7.32,2216.2,32.458,835.2,0,1.25
Kerala,2006,27.99,29.71,29.01,28.51,29.71,29.14,33.71,36.52,0,0,0,0,0,0,0,81.68,1,5.71,7.15,2442.4,32.614,839.21,0,1.0
Kerala,2007,28.06,30.27,29.17,28.77,30.27,29.52,34.25,38.52,0,0,0,0,0,0,0,80.53,1,5.83,7.18,2463.8,32.771,843.25,1,0.83
Kerala,2008,27.96,30.06,28.83,28.38,29.35,28.97,33.28,36.41,0,0,0,0,0,0,0,81.05,4,5.46,7.3,2273.7,32.929,847.3,0,0.86
Kerala,2009,28.15,30.36,29.35,28.74,29.85,29.57,34.25,37.61,0,0,0,0,0,0,0,81.11,4,5.7,7.28,1907.6,33.087,851.38,1,0.75
Kerala,2010,28.17,30.69,29.78,29.33,30.69,30.18,35.77,40.41,0,0,0,0,0,1,0,80.42,4,5.56,7.1,2208.2,33.246,855.47,2,0.78
Kerala,2011,28.15,30.09,29.16,28.69,29.58,29.21,33.87,37.31,0,0,0,0,0,0,0,79.81,2,5.87,7.28,1759.6,33.406,859.59,0,0.9
Kerala,2012,28.31,30.45,29.17,28.61,29.87,29.22,33.79,37.29,0,0,0,0,0,0,0,80.47,3,5.6,7.25,1323.7,33.567,863.72,0,0.82
Kerala,2013,28.15,30.13,29.49,28.94,30.13,29.7,34.42,37.82,0,0,0,0,0,0,0,79.55,3,5.38,7.06,2114.1,33.728,867.87,1,0.75
Kerala,2014,28.36,30.56,29.62,29.18,30.56,29.89,35.16,37.9,0,0,0,0,0,0,0,79.61,2,5.72,7.34,2109.5,33.89,872.05,0,0.77
Madhya Pradesh,2001,32.95,46.01,39.48,37.57,46.01,44.19,41.96,54.54,33,24,7,52,5,52,94,37.52,1,6.4,8.08,1016.3,60.348,195.78,8,0.0
Madhya Pradesh,2002,34.1,46.33,42.59,39.97,46.33,44.64,44.14,58.83,69,45,8,92,17,114,137,28.82,0,6.59,8.07,952.1,61.476,199.44,32,8.0
Madhya Pradesh,2003,32.5,46.16,42.56,39.58,46.16,43.91,42.49,53.85,64,42,4,45,5,86,100,27.52,0,6.78,7.96,1336.8,62.625,203.17,39,20.0
Madhya Pradesh,2004,33.45,45.73,41.69,40.1,45.73,43.55,43.63,53.1,70,33,3,74,1,68,144,27.54,0,6.68,7.91,936.6,63.796,206.97,158,26.33
Madhya Pradesh,2005,32.83,45.03,41.81,39.42,45.03,43.76,41.58,54.59,56,36,1,43,2,52,93,26.72,0,6.72,8.23,1284.7,64.989,210.83,24,59.25
Madhya Pradesh,2006,32.76,45.39,41.0,38.02,45.39,43.3,42.66,61.38,53,25,2,61,8,69,95,38.42,0,6.48,7.92,1898.3,66.203,214.78,45,52.2
Madhya Pradesh,2007,32.91,44.69,41.85,39.18,44.69,43.59,42.84,58.92,68,35,0,53,6,37,100,30.8,0,6.66,7.81,1123.7,67.441,218.79,41,51.0
Madhya Pradesh,2008,32.65,43.94,41.29,38.26,43.94,42.83,41.52,49.51,56,25,0,31,0,61,83,33.15,0,6.34,8.02,934.4,68.702,222.88,11,49.57
Madhya Pradesh,2009,33.25,45.5,42.18,40.09,45.5,43.88,43.19,53.62,67,41,4,69,4,90,131,25.48,0,6.8,8.2,1200.7,69.986,227.05,20,44.75
Madhya Pradesh,2010,32.92,46.41,42.93,40.77,46.41,44.77,44.02,57.47,76,49,8,63,12,61,119,26.34,0,6.89,8.19,1035.9,71.294,231.29,46,42.0
Madhya Pradesh,2011,32.51,45.77,41.39,38.64,45.77,43.29,42.28,56.43,51,27,2,46,10,73,78,32.42,0,6.29,8.01,1461.9,72.627,235.61,24,42.4
Madhya Pradesh,2012,32.71,45.23,40.77,39.08,45.23,43.33,42.3,56.96,52,21,2,53,5,47,101,27.12,0,6.64,7.99,1234.5,73.984,240.02,35,40.73
Madhya Pradesh,2013,31.97,46.49,41.07,37.92,46.49,43.72,41.57,56.23,47,31,6,43,3,52,78,36.54,0,6.3,8.16,1668.0,75.367,244.5,12,40.25
Madhya Pradesh,2014,32.76,46.63,41.67,39.48,46.63,44.57,42.39,52.5,69,31,9,56,2,85,103,30.54,0,6.81,8.06,1047.9,76.776,249.08,33,38.08
Maharashtra,2001,27.97,30.96,29.56,28.56,30.96,29.9,33.69,40.51,0,0,0,0,0,1,0,79.21,0,6.41,7.65,1319.2,96.879,314.83,43,0.0
Maharashtra,2002,28.38,31.88,30.28,29.2,31.88,30.41,35.05,39.21,0,0,0,0,0,3,2,78.28,0,6.32,7.58,1036.7,98.327,319.54,50,43.0
Maharashtra,2003,28.47,31.2,29.91,29.05,31.2,30.31,34.72,40.18,0,0,0,0,0,4,3,77.61,0,6.44,7.71,1493.7,99.797,324.32,77,46.5
Maharashtra,2004,28.43,32.19,29.96,29.38,32.19,30.18,35.36,43.81,0,0,0,0,0,4,2,77.68,0,6.26,7.73,1737.4,101.288,329.17,62,56.67
Maharashtra,2005,27.91,30.89,29.8,28.95,30.89,30.22,34.47,39.5,0,0,0,0,0,2,0,78.1,0,6.51,7.87,2132.3,102.802,334.09,69,58.0
Maharashtra,2006,28.09,30.65,29.59,28.59,30.26,29.8,33.56,38.0,0,0,0,0,0,1,0,78.12,0,6.43,7.66,2241.9,104.339,339.08,33,60.2
Maharashtra,2007,28.33,31.48,29.83,29.24,31.48,30.35,35.36,42.31,0,0,0,0,0,4,2,78.68,0,6.46,7.88,1984.6,105.899,344.15,70,55.67
Maharashtra,2008,27.91,30.91,29.86,28.68,30.61,30.14,33.93,39.15,0,0,0,0,0,3,1,79.08,0,6.29,7.66,1823.5,107.482,349.29,30,57.71
Maharashtra,2009,28.39,31.26,30.24,29.5,31.26,30.62,35.67,40.74,0,0,0,0,0,5,3,77.75,0,6.57,7.67,1653.5,109.089,354.51,79,54.25
Maharashtra,2010,28.43,32.1,30.33,29.57,32.1,30.91,36.49,43.2,0,0,0,0,0,6,11,79.49,0,6.28,7.62,2327.7,110.719,359.81,137,57.0
Maharashtra,2011,28.17,31.67,29.74,28.92,31.67,29.96,34.33,41.05,0,0,0,0,0,3,1,78.04,0,6.3,7.58,1845.3,112.374,365.19,41,65.0
Maharashtra,2012,27.68,30.11,29.42,28.2,30.11,29.57,32.98,38.35,0,0,0,0,0,1,0,79.66,0,6.61,7.72,1324.3,114.054,370.65,59,62.82
Maharashtra,2013,27.9,31.62,29.71,28.82,31.62,30.21,34.06,39.63,0,0,0,0,0,1,0,77.91,0,6.25,7.65,1846.0,115.759,376.19,80,62.5
Maharashtra,2014,28.36,31.49,30.25,29.11,31.47,30.57,34.64,43.07,0,0,0,0,0,4,4,75.79,0,6.64,7.73,1607.1,117.489,381.82,58,63.85
Meghalaya,2001,24.04,29.78,27.51,25.75,29.78,28.02,27.17,36.47,0,0,0,0,0,0,0,72.8,14,5.1,7.19,2464.6,2.319,103.38,0,0.0
Meghalaya,2002,23.71,29.39,26.99,25.43,29.39,27.27,26.89,36.44,0,0,0,0,0,0,0,77.14,19,4.46,6.69,2583.4,2.377,105.96,0,0.0
Meghalaya,2003,23.67,29.92,27.27,25.2,29.92,27.72,26.64,34.18,0,0,0,0,0,0,0,78.66,31,4.73,6.96,2666.7,2.436,108.61,0,0.0
Meghalaya,2004,23.45,30.21,27.16,25.47,30.21,27.48,27.04,38.17,0,0,0,0,0,0,0,79.38,28,4.59,7.87,2928.9,2.497,111.32,1,0.0
Meghalaya,2005,23.85,29.43,27.41,25.22,28.48,27.21,26.52,34.98,0,0,0,0,0,0,0,80.5,21,4.77,7.07,2811.7,2.559,114.1,0,0.25
Meghalaya,2006,24.16,29.91,27.83,25.65,29.73,28.27,27.08,36.28,0,0,0,0,0,0,0,74.96,19,4.85,7.66,2200.6,2.623,116.94,0,0.2
Meghalaya,2007,23.73,30.56,27.62,25.44,30.31,27.91,27.02,37.83,0,0,0,0,0,2,0,77.75,25,4.83,7.4,2728.2,2.688,119.86,0,0.17
Meghalaya,2008,23.68,29.44,27.27,25.63,29.1,28.05,27.07,35.15,0,0,0,0,0,0,0,76.65,27,4.9,7.04,2143.2,2.755,122.85,0,0.14
Meghalaya,2009,24.07,29.77,27.82,25.94,29.77,27.9,27.62,35.69,0,0,0,0,0,0,0,73.17,21,4.97,7.36,2366.8,2.824,125.92,0,0.12
Meghalaya,2010,23.86,28.51,27.12,25.58,28.51,27.3,26.87,33.4,0,0,0,0,0,0,0,81.16,9,4.6,7.17,3017.7,2.895,129.06,0,0.11
Meghalaya,2011,23.67,30.07,27.33,25.48,29.14,27.7,27.04,35.37,0,0,0,0,0,0,0,77.49,20,4.83,6.81,2255.0,2.967,132.28,0,0.1
Meghalaya,2012,23.62,29.12,27.19,25.52,29.03,27.97,27.02,34.85,0,0,0,0,0,0,0,76.21,17,4.85,7.3,2764.4,3.041,135.58,0,0.09
Meghalaya,2013,24.01,29.86,27.35,25.98,29.86,27.98,27.62,35.78,0,0,0,0,0,0,0,75.77,11,4.88,7.93,2434.2,3.117,138.96,0,0.08
Meghalaya,2014,24.14,31.34,27.77,26.35,31.34,28.72,28.25,36.85,0,0,0,0,0,0,0,73.01,12,5.15,7.62,2308.5,3.195,142.43,2,0.08
Odisha,2001,32.0,46.84,39.46,36.98,46.84,41.98,53.73,75.0,33,11,2,129,64,120,166,64.69,1,5.44,7.69,1948.0,36.805,236.37,60,0.0
Odisha,2002,32.26,46.73,41.57,38.67,46.73,43.8,59.05,75.0,50,32,8,158,84,148,191,63.25,5,6.04,7.46,1345.4,37.292,239.5,77,60.0
Odisha,2003,32.09,45.59,40.45,38.2,45.59,43.69,56.88,72.82,47,27,4,145,82,106,188,62.44,0,5.84,7.46,1832.1,37.785,242.67,98,68.5
Odisha,2004,31.87,46.65,40.25,38.11,46.65,43.42,55.81,74.88,39,18,6,139,76,134,173,61.19,1,6.08,7.58,1135.3,38.285,245.88,76,78.33
Odisha,2005,32.22,43.98,40.23,38.32,43.98,42.0,57.17,74.3,42,13,0,155,91,107,179,61.62,3,5.91,7.59,1672.0,38.791,249.13,94,77.75
Odisha,2006,31.63,43.34,39.33,36.39,43.34,41.33,52.39,70.76,29,6,0,137,60,47,158,65.92,7,5.79,7.73,1763.1,39.305,252.43,51,81.0
Odisha,2007,31.7,42.38,39.45,37.04,42.38,41.28,54.33,69.01,31,4,0,127,80,106,164,64.61,3,5.92,7.2,1697.8,39.825,255.77,55,76.0
Odisha,2008,31.44,44.72,38.49,36.32,44.72,41.18,52.68,72.87,25,10,0,117,61,81,167,66.65,7,5.54,7.35,1773.1,40.351,259.15,69,73.0
Odisha,2009,32.87,46.62,40.5,38.83,46.62,42.59,56.2,74.54,45,20,4,153,85,112,179,57.74,0,5.91,7.3,1336.9,40.885,262.58,101,72.5
Odisha,2010,32.57,46.8,41.31,38.49,46.8,43.65,58.97,75.0,50,33,6,161,83,137,213,64.22,0,5.75,7.23,1465.3,41.426,266.05,130,75.67
Odisha,2011,31.67,44.58,38.33,36.55,44.58,40.03,52.87,70.75,13,4,0,133,71,115,176,65.6,2,5.7,7.21,1566.6,41.974,269.57,51,81.1
Odisha,2012,32.4,45.17,40.03,38.28,45.17,41.19,55.79,70.93,38,4,1,160,82,148,193,60.16,0,5.73,7.23,1350.4,42.53,273.14,124,78.36
Odisha,2013,32.09,44.72,40.35,37.74,44.72,41.83,54.68,75.0,40,12,0,146,73,111,195,61.19,1,5.69,7.23,1737.5,43.092,276.75,101,82.17
Odisha,2014,31.85,44.25,40.68,37.63,44.25,42.78,54.44,74.99,48,17,0,151,80,72,185,62.12,6,5.67,7.26,1610.0,43.662,280.41,78,83.62
Punjab,2001,34.13,47.64,41.93,38.61,47.64,45.19,42.44,56.05,67,36,13,144,52,163,167,28.79,0,6.3,8.13,442.0,24.359,483.68,55,0.0
Punjab,2002,35.18,48.44,45.66,40.91,48.44,46.83,42.48,54.96,123,99,51,144,37,108,168,20.68,0,6.43,8.27,312.7,24.678,490.01,39,55.0
Punjab,2003,33.17,49.19,43.06,39.17,49.19,45.96,40.6,55.24,68,51,21,123,50,83,154,24.98,0,6.43,8.22,537.3,25.001,496.43,38,47.0
Punjab,2004,34.32,46.74,43.09,39.99,46.74,44.67,42.85,59.92,98,57,14,133,48,149,168,24.94,0,6.38,8.24,430.7,25.328,502.93,43,44.0
Punjab,2005,33.03,49.01,42.38,37.92,49.01,44.87,39.94,64.56,85,48,12,110,46,64,139,32.15,0,6.31,8.14,503.9,25.66,509.51,87,43.75
Punjab,2006,33.58,46.52,42.95,38.54,46.52,45.38,41.05,54.83,76,49,15,144,50,132,173,29.23,1,6.22,7.85,472.4,25.996,516.19,69,52.4
Punjab,2007,33.74,49.96,42.65,38.58,49.96,45.32,42.14,57.29,96,54,14,140,65,101,166,34.64,0,6.39,7.99,451.9,26.337,522.95,129,55.17
Punjab,2008,32.26,45.06,39.93,37.72,45.06,42.56,42.39,61.52,35,15,1,124,51,70,161,33.61,2,6.04,7.73,782.5,26.681,529.79,64,65.71
Punjab,2009,33.95,48.22,43.75,39.16,48.22,45.46,40.45,59.81,96,64,17,123,40,135,163,26.0,0,6.74,8.26,415.3,27.031,536.73,150,65.5
Punjab,2010,33.48,48.92,43.51,40.95,48.92,45.66,42.53,56.43,93,59,16,122,41,74,179,21.46,0,6.5,8.36,600.1,27.385,543.76,170,74.89
Punjab,2011,32.39,47.03,42.36,38.24,47.03,44.24,41.84,56.95,68,46,6,124,54,98,153,31.76,3,6.3,8.04,616.3,27.743,550.88,176,84.4
Punjab,2012,33.01,47.72,43.67,38.74,47.34,45.8,39.63,51.36,80,58,25,116,34,112,141,22.95,0,6.45,8.27,423.9,28.107,558.09,155,92.73
Punjab,2013,32.67,48.25,42.93,38.5,48.25,45.61,41.12,62.32,60,42,16,139,47,94,158,30.93,1,6.33,8.25,640.8,28.475,565.4,144,97.92
Punjab,2014,32.65,48.06,42.99,37.58,48.06,45.92,39.78,56.41,90,53,22,108,23,111,149,32.26,0,6.34,8.17,513.7,28.848,572.8,123,101.46
Rajasthan,2001,33.7,45.66,40.62,37.88,45.66,43.41,41.89,54.55,41,21,5,131,9,87,168,29.47,0,6.61,7.95,475.2,56.507,165.11,19,0.0
Rajasthan,2002,35.22,45.82,43.57,39.93,45.82,44.81,41.97,54.65,109,62,9,134,13,140,179,21.17,0,6.86,8.01,182.4,57.609,168.33,57,19.0
Rajasthan,2003,33.08,45.87,41.38,38.56,45.87,43.34,40.77,55.77,54,32,2,111,12,150,167,23.87,0,6.59,7.8,493.5,58.733,171.61,44,38.0
Rajasthan,2004,33.48,44.88,41.6,39.5,44.88,42.82,41.94,55.82,71,25,0,111,10,100,169,23.85,0,6.79,8.01,572.9,59.879,174.96,37,40.0
Rajasthan,2005,33.23,44.95,41.36,38.04,44.95,43.23,39.97,56.83,49,28,0,96,22,66,158,26.7,0,6.67,8.16,402.0,61.047,178.37,38,39.25
Rajasthan,2006,33.92,45.17,40.67,37.86,45.17,43.27,41.0,54.89,49,28,1,131,19,56,171,30.39,1,6.52,7.79,417.4,62.237,181.85,35,39.0
Rajasthan,2007,33.45,45.35,42.02,38.55,45.35,43.49,41.07,54.48,62,37,1,114,21,49,165,29.16,0,6.79,8.0,487.9,63.451,185.4,56,38.33
Rajasthan,2008,32.95,42.7,39.32,37.37,42.7,41.26,41.47,54.81,30,7,0,119,8,79,165,33.04,0,6.43,7.99,506.9,64.689,189.02,29,40.86
Rajasthan,2009,34.17,45.05,42.37,39.05,45.05,43.74,40.87,58.2,66,44,1,127,33,68,160,23.53,0,6.83,8.05,357.1,65.951,192.7,55,39.38
Rajasthan,2010,32.91,46.34,42.96,40.32,46.34,44.31,41.9,53.32,79,50,8,85,12,60,149,21.46,0,6.82,8.31,678.8,67.237,196.46,54,41.11
Rajasthan,2011,32.28,46.75,41.93,38.37,46.75,43.57,41.11,54.88,54,37,4,93,6,90,140,28.26,0,6.66,8.03,631.7,68.548,200.29,37,42.4
Rajasthan,2012,32.07,45.64,41.91,38.47,45.25,43.04,40.1,51.26,59,35,3,77,8,66,111,23.09,0,6.83,8.14,631.7,69.885,204.2,32,41.91
Rajasthan,2013,31.74,44.7,40.49,37.78,44.7,43.33,40.63,53.54,40,25,0,81,17,90,149,29.15,0,6.83,8.25,697.5,71.249,208.18,40,41.08
Rajasthan,2014,32.55,46.69,41.61,37.87,46.69,43.95,39.82,52.69,60,33,9,96,2,118,163,28.84,0,6.86,8.07,527.2,72.638,212.24,45,41.0
Tamil Nadu,2001,29.23,34.3,32.16,30.72,34.3,32.69,38.61,48.65,0,0,0,13,0,30,67,75.38,0,6.08,7.14,1275.1,62.406,479.83,27,0.0
Tamil Nadu,2002,29.16,33.71,31.84,30.47,33.71,32.28,38.47,47.24,0,0,0,6,0,15,74,77.35,0,6.23,7.24,1097.6,63.317,486.84,26,27.0
Tamil Nadu,2003,29.11,33.8,31.33,30.56,33.8,32.71,38.57,48.27,0,0,0,20,0,30,43,76.26,0,6.09,7.19,885.9,64.243,493.95,54,26.5
Tamil Nadu,2004,28.81,32.28,31.1,29.83,32.25,31.4,37.17,43.7,0,0,0,0,0,14,42,79.35,0,6.1,7.17,1297.8,65.181,501.17,14,35.67
Tamil Nadu,2005,29.03,32.71,31.29,30.14,32.71,31.58,37.97,46.07,0,0,0,3,0,21,44,78.95,0,5.96,7.23,1835.1,66.134,508.49,5,30.25
Tamil Nadu,2006,28.98,33.33,31.37,30.21,33.33,31.83,37.78,46.19,0,0,0,6,0,23,54,77.38,1,6.09,7.21,1226.4,67.1,515.92,23,25.2
Tamil Nadu,2007,28.81,34.02,31.21,30.08,34.02,31.81,37.44,48.41,0,0,0,6,0,18,46,77.45,0,6.03,7.19,1253.5,68.08,523.46,14,24.83
Tamil Nadu,2008,28.9,33.85,31.29,30.05,33.85,32.2,37.33,47.15,0,0,0,9,0,27,34,77.48,1,6.0,7.24,1319.0,69.075,531.11,15,23.29
Tamil Nadu,2009,29.32,33.86,31.65,30.44,33.86,32.0,38.2,46.76,0,0,0,7,0,18,62,76.29,0,6.06,7.18,1136.3,70.084,538.87,31,22.25
Tamil Nadu,2010,29.17,33.09,31.45,30.63,33.09,31.99,39.25,47.33,0,0,0,11,0,31,61,77.92,0,6.0,7.18,1464.4,71.108,546.74,18,23.22
Tamil Nadu,2011,29.1,33.22,31.62,30.15,33.22,32.14,37.25,44.77,0,0,0,2,0,13,40,75.88,0,6.27,7.17,1332.8,72.147,554.73,1,22.7
Tamil Nadu,2012,29.06,33.71,31.36,30.49,33.71,32.41,38.34,47.18,0,0,0,9,0,13,37,76.84,0,6.07,7.19,953.7,73.201,562.83,0,20.73
Tamil Nadu,2013,29.08,33.27,31.52,30.46,33.27,32.33,38.21,47.64,0,0,0,8,0,14,45,76.33,0,6.03,7.3,1076.7,74.271,571.06,0,19.0
Tamil Nadu,2014,29.05,33.25,32.06,30.41,33.25,32.44,38.21,46.9,0,0,0,10,0,31,66,76.26,0,6.15,7.1,1077.3,75.356,579.4,0,17.54
Tripura,2001,30.01,40.84,35.08,33.37,40.84,38.13,44.03,63.26,6,0,0,108,13,52,143,70.09,8,5.21,7.6,2113.2,3.199,305.09,4,0.0
Tripura,2002,29.9,38.9,34.97,33.32,38.9,36.59,45.45,60.92,0,0,0,111,24,32,128,71.73,7,5.18,7.21,1965.3,3.244,309.34,0,4.0
Tripura,2003,29.97,38.98,35.36,33.2,38.98,36.93,45.2,60.94,0,0,0,126,30,44,133,71.38,14,5.04,7.04,1723.6,3.289,313.65,2,2.0
Tripura,2004,30.03,39.66,35.46,34.05,39.66,37.28,47.29,62.74,0,0,0,113,34,44,137,70.32,15,5.03,7.42,2145.8,3.335,318.02,0,2.0
Tripura,2005,29.97,37.88,34.52,33.21,37.88,35.72,46.12,58.4,0,0,0,139,23,20,149,74.39,14,5.3,7.17,1955.1,3.381,322.45,15,1.5
Tripura,2006,30.37,40.4,36.05,33.91,40.4,37.98,45.27,60.78,1,0,0,127,19,45,155,68.78,16,5.32,7.62,1741.2,3.428,326.95,5,4.2
Tripura,2007,29.49,37.84,33.74,32.59,37.84,36.5,43.21,58.02,0,0,0,94,17,28,111,72.16,21,5.33,7.62,2857.7,3.476,331.5,0,4.33
Tripura,2008,29.71,40.3,34.7,33.52,40.3,38.3,45.41,61.16,3,0,0,102,25,46,125,70.85,14,5.3,7.52,1660.6,3.525,336.12,9,3.71
Tripura,2009,30.49,40.14,35.97,34.05,40.14,38.19,47.02,61.26,2,0,0,133,31,24,151,70.64,6,5.41,7.26,2162.9,3.574,340.8,10,4.38
Tripura,2010,30.24,39.95,35.57,33.69,39.95,37.45,47.35,63.83,0,0,0,131,34,68,169,74.29,5,4.9,6.92,2155.6,3.623,345.55,12,5.0
Tripura,2011,29.75,37.91,33.7,32.64,37.91,35.9,43.67,52.71,0,0,0,108,6,29,131,73.65,9,5.18,7.02,1880.7,3.674,350.36,6,5.7
Tripura,2012,30.05,39.23,34.34,33.21,39.23,36.64,45.96,56.39,0,0,0,128,17,41,143,74.56,7,5.17,7.41,1783.3,3.725,355.25,0,5.73
Tripura,2013,30.24,39.66,35.33,33.62,39.66,38.41,46.16,62.54,0,0,0,118,21,48,150,72.79,1,5.18,7.24,1898.5,3.777,360.19,12,5.25
Tripura,2014,30.71,42.04,36.61,34.99,42.04,39.89,48.75,64.91,12,1,0,144,42,89,172,67.17,2,5.51,7.37,1933.2,3.83,365.21,2,5.77
Uttar Pradesh,2001,33.51,46.66,41.93,39.23,46.66,44.24,43.37,59.0,58,37,10,153,28,132,177,28.69,3,6.21,7.8,778.4,166.198,689.82,52,0.0
Uttar Pradesh,2002,34.28,47.2,43.97,41.12,47.2,45.5,44.65,57.66,104,78,17,132,54,147,168,24.12,0,6.43,7.65,695.0,169.288,702.65,134,52.0
Uttar Pradesh,2003,32.71,47.84,43.28,40.41,47.84,45.87,42.61,56.77,74,54,19,117,24,106,162,23.45,0,6.32,7.79,843.6,172.435,715.71,126,93.0
Uttar Pradesh,2004,33.23,47.05,42.56,40.22,47.05,45.4,44.37,61.32,69,43,16,136,35,98,188,30.21,0,6.26,7.63,760.5,175.64,729.02,95,104.0
Uttar Pradesh,2005,33.16,48.32,43.7,40.35,48.32,45.83,42.65,63.27,62,48,22,123,30,135,179,25.57,1,6.49,8.05,808.0,178.906,742.57,199,101.75
Uttar Pradesh,2006,33.88,46.0,41.61,38.92,46.0,43.25,43.91,59.33,64,32,3,158,27,81,189,33.73,0,6.06,7.4,779.5,182.232,756.37,87,121.2
Uttar Pradesh,2007,33.1,48.08,42.1,39.46,48.08,44.05,44.24,57.9,68,39,11,143,40,108,177,33.92,0,6.26,7.8,850.9,185.62,770.44,108,115.5
Uttar Pradesh,2008,31.41,45.44,41.8,38.59,45.44,43.73,42.88,56.11,49,36,2,103,7,82,158,33.64,6,5.9,7.66,1414.5,189.07,784.76,80,114.43
Uttar Pradesh,2009,32.95,46.66,43.53,40.6,46.66,45.16,43.12,58.16,76,60,14,135,37,148,170,24.85,0,6.49,7.83,853.4,192.585,799.35,117,110.12
Uttar Pradesh,2010,33.46,47.45,44.31,41.95,47.45,45.59,44.58,58.41,108,73,23,140,32,85,204,22.64,0,6.45,7.8,722.8,196.166,814.21,118,110.89
Uttar Pradesh,2011,32.28,46.02,42.42,39.67,46.02,44.75,43.54,59.74,59,44,10,122,17,70,169,30.0,0,6.12,7.53,990.6,199.812,829.34,104,111.6
Uttar Pradesh,2012,32.68,48.45,44.47,40.87,48.45,46.29,42.37,56.14,82,56,33,121,19,121,175,22.13,0,6.53,7.79,917.2,203.527,844.76,156,110.91
Uttar Pradesh,2013,32.22,47.48,42.34,39.22,47.48,45.05,42.97,57.57,62,39,14,141,23,109,174,33.01,0,6.18,7.94,1021.3,207.311,860.47,108,114.67
Uttar Pradesh,2014,33.63,49.19,43.59,40.27,49.19,45.92,42.78,58.82,86,55,19,150,43,144,179,27.38,0,6.56,7.96,687.4,211.165,876.46,126,114.15
Uttarakhand,2001,19.41,31.45,24.54,22.25,31.45,27.57,22.31,31.45,0,0,0,0,0,0,0,48.09,9,5.99,8.37,1352.1,8.489,158.73,0,0.0
Uttarakhand,2002,19.91,31.55,28.3,24.21,31.55,30.22,24.3,31.86,0,0,0,0,0,0,0,40.97,2,6.53,8.52,918.4,8.637,161.49,0,0.0
Uttarakhand,2003,19.38,32.25,26.93,23.65,32.25,29.17,23.78,32.25,0,0,0,0,0,0,0,39.82,1,6.34,8.62,1156.5,8.787,164.3,0,0.0
Uttarakhand,2004,19.52,31.38,26.09,24.28,31.38,28.63,24.36,31.38,0,0,0,0,0,0,0,41.88,1,6.52,8.42,1221.0,8.94,167.15,0,0.0
Uttarakhand,2005,18.79,32.68,27.05,23.26,32.68,29.78,23.32,32.68,0,0,0,0,0,0,0,42.67,6,6.3,8.61,1205.6,9.095,170.06,2,0.0
Uttarakhand,2006,19.4,28.81,25.7,22.18,28.81,27.87,22.32,28.81,0,0,0,0,0,0,0,50.45,11,6.07,8.52,1134.4,9.253,173.02,1,0.4
Uttarakhand,2007,19.21,33.34,26.19,23.34,33.34,29.38,23.52,33.34,0,0,0,0,0,0,0,48.28,6,6.22,8.4,1513.4,9.414,176.02,2,0.5
Uttarakhand,2008,18.61,29.01,24.07,22.2,29.01,25.67,22.25,29.01,0,0,0,0,0,0,0,50.27,11,5.93,8.24,1525.5,9.578,179.08,0,0.71
Uttarakhand,2009,20.01,31.93,27.1,24.13,31.93,29.27,24.19,31.93,0,0,0,0,0,0,0,37.12,1,6.61,8.85,1034.3,9.745,182.2,0,0.62
Uttarakhand,2010,19.97,31.98,27.45,25.59,31.98,29.91,25.7,31.98,0,0,0,0,0,0,0,35.01,0,6.63,8.65,1902.7,9.914,185.37,0,0.56
Uttarakhand,2011,18.51,29.81,24.32,21.99,29.81,26.84,22.07,29.81,0,0,0,0,0,0,0,52.79,9,6.01,8.25,1699.9,10.086,188.59,0,0.5
Uttarakhand,2012,18.75,32.26,27.55,23.73,32.26,30.44,23.79,32.26,0,0,0,0,0,0,0,37.9,2,6.51,8.79,1362.1,10.262,191.87,1,0.45
Uttarakhand,2013,18.39,32.99,25.01,22.4,32.99,28.67,22.48,32.99,0,0,0,0,0,0,0,53.34,6,6.15,8.34,2045.8,10.44,195.2,0,0.5
Uttarakhand,2014,18.75,31.72,26.61,21.92,31.72,29.5,22.09,31.72,0,0,0,0,0,0,0,52.21,13,6.22,8.58,1214.4,10.622,198.6,0,0.46
West Bengal,2001,31.34,42.95,38.22,35.77,42.95,40.6,49.2,70.27,17,5,0,141,48,81,195,63.57,3,5.34,7.43,1474.3,80.176,903.37,66,0.0
West Bengal,2002,31.78,45.89,39.19,36.9,45.89,41.51,52.62,74.7,30,8,2,142,62,123,187,62.26,3,5.3,7.0,1265.2,81.223,915.16,62,66.0
West Bengal,2003,31.71,42.84,39.73,36.85,42.84,41.09,52.73,71.53,33,5,0,155,71,89,195,61.76,7,5.43,7.1,1252.5,82.283,927.11,52,64.0
West Bengal,2004,31.68,43.92,39.41,37.43,43.92,42.12,53.74,74.32,33,13,0,146,72,117,178,60.82,4,5.59,7.25,1320.9,83.356,939.21,96,60.0
West Bengal,2005,31.89,42.8,38.96,37.45,42.8,41.04,53.77,71.08,26,3,0,176,78,99,201,60.88,3,5.58,7.33,1237.8,84.444,951.46,211,69.0
West Bengal,2006,31.81,42.16,38.63,36.18,42.16,40.09,49.62,63.16,16,2,0,152,49,92,210,61.69,9,5.41,7.35,1288.0,85.546,963.88,137,97.4
West Bengal,2007,31.1,42.12,38.62,36.24,42.12,40.15,49.61,63.63,14,5,0,135,58,113,166,60.45,4,5.57,7.01,1936.5,86.663,976.46,86,104.0
West Bengal,2008,30.9,41.81,38.1,35.73,41.81,40.32,49.92,68.39,14,0,0,124,52,69,172,65.14,6,5.4,7.4,1446.1,87.794,989.2,43,101.43
West Bengal,2009,31.98,43.56,38.52,36.86,43.56,41.36,50.81,68.04,21,10,0,156,63,151,182,59.04,3,5.61,7.4,1552.1,88.94,1002.11,45,94.12
West Bengal,2010,31.98,44.84,39.44,37.22,44.84,42.49,54.72,74.23,32,16,0,175,70,113,201,64.18,1,5.46,7.05,1365.9,90.1,1015.19,54,88.67
West Bengal,2011,31.39,40.55,37.09,35.68,40.55,38.86,49.86,63.96,2,0,0,146,47,104,194,64.98,6,5.25,7.19,1651.2,91.276,1028.44,69,85.2
West Bengal,2012,31.93,42.82,39.08,37.6,42.82,40.44,52.97,73.05,21,3,0,163,78,121,186,57.51,1,5.59,7.08,1171.8,92.467,1041.86,76,83.73
West Bengal,2013,31.36,43.27,38.74,36.31,43.27,41.49,50.56,72.19,30,6,0,150,51,79,186,62.67,1,5.23,7.37,1655.7,93.674,1055.46,45,83.08
West Bengal,2014,32.08,44.46,40.94,37.85,44.46,43.0,52.49,73.58,49,23,0,169,73,144,201,57.3,0,5.47,7.23,1222.9,94.897,1069.23,88,80.15
