feature,importance
state_baseline_deaths,0.24865565
heatwave_days,0.110739574
population_millions,0.06180528
max_consecutive_hot_days,0.060030162
extreme_temp_days_42,0.044414084
extreme_hi_days_52,0.041800275
summer_tmax_p90,0.04157137
annual_tmax_mean,0.037189875
summer_solar_radiation_mean,0.03621662
summer_tmax_mean,0.03615749
annual_tmax_p90,0.03437691
summer_rh_mean,0.030479006
extreme_hi_days_44,0.02847974
summer_low_wind_high_rh_days,0.026830237
population_density_per_sq_km,0.024116503
summer_hi_max,0.023680206
summer_hi_mean,0.021818753
extreme_temp_days_40,0.020287752
summer_tmax_max,0.020123707
annual_tmax_max,0.014888118
annual_precip_mm,0.014059544
summer_solar_radiation_max,0.012353901
extreme_temp_days_45,0.009925206
